{
  "project_info": {
    "project_number": "351083706256",
    "project_id": "firebase-hungr"
  },
  "client": [
    {
      "client_info": {
        "mobilesdk_app_id": "1:351083706256:android:b3fef459db853520",
        "android_client_info": {
          "package_name": "com.example.cmsc355.hungr"
        }
      },
      "oauth_client": [
        {
          "client_id": "351083706256-lim5ilouqekn2f47jhvu97ga5gbqkaip.apps.googleusercontent.com",
          "client_type": 1,
          "android_info": {
            "package_name": "com.example.cmsc355.hungr",
            "certificate_hash": "3BB449E36C079F1AE6CE44698C36F48CDCA8CA42"
          }
        },
        {
          "client_id": "351083706256-7ofp15svpq1khcovb4h0qc42q8u9dg8t.apps.googleusercontent.com",
          "client_type": 3
        }
      ],
      "api_key": [
        {
          "current_key": "AIzaSyCelcDlHmw8uzwXFTeVp6ObyrSNqzqenJ4"
        }
      ],
      "services": {
        "analytics_service": {
          "status": 1
        },
        "appinvite_service": {
          "status": 1,
          "other_platform_oauth_client": []
        },
        "ads_service": {
          "status": 1
        }
      }
    }
  ],
  "configuration_version": "1"
}